artist,followers,popularity,offer
$KELETON CLUB,0,0,2000.0
//RALPH//,45600,48,103148.85
0Stella,321,2,2000.0
100 mile house,1202,20,35494.0
3 Moonjask,56,0,2000.0
3409,1587,47,2000.0
5PIECE,0,0,2000.0
88Glam,371732,61,2000.0
A IS FOR ARROWS,737,30,20000.0
A.Y.E.,216,5,3265.0
ABAKOS,310,6,4554.0
ACTORS,15539,39,36840.0
AHI,10354,52,40000.0
AR Paisley,9533,54,38000.26
Aaricia,1464,22,3035.0
Aaron Dolman,29,0,4000.0
Aaron Goldstein,10,0,10000.0
Abby J Hall,611,15,2000.0
Abeena Samm,0,0,2208.0
Abigail Lapell,3594,40,16872.0
Abra Taylor,532,24,2000.0
Absolutely Free,2548,17,8081.4
Ada Lea,3898,28,1380.0
Adaline,6308,36,30000.0
Adam Beer-Colacino,0,0,2000.0
Adam K,53448,56,4140.0
Adrian Chalifour,475,19,2000.0
Adrian Dey,620,14,2000.0
Adrian House,17,1,2000.0
Adrian Sutherland,317,22,25000.0
Adrian Underhill,1296,16,2000.0
Adrian+Meredith,0,0,1553.0
Adrianne Dominica Chapman,0,0,2000.0
Adyn Townes,577,12,4485.0
Afta Hill,2531,28,22938.0
Aiza,992,26,10000.0
Ajay Friese,628,17,2000.0
Ajaye Jardine,1048,1,3035.0
Al Muirhead,95,4,3204.19
Alan Doyle,15299,49,71953.5
Alder & Ash,583,5,2000.0
Alee,7136,35,15000.0
Aleks Schürmer,0,0,2000.0
Aleksi Campagne,97,1,2000.0
Alessia De Gasperis,301,10,3623.0
Alex Bent + the Emptiness,384,9,5000.0
Alex Cuba,31432,54,26223.2
Alex Henry Foster,5111,29,102931.05
Alex Kade,2247,18,2000.0
Alex Lefaivre,0,0,2000.0
Alex Mundy,0,0,2000.0
Alex Nicol,0,0,2070.0
Alex Platt,1,0,2000.0
Alex Rand,57,0,2000.0
Alex Whorms,143,7,2000.0
Alexander Stewart,223602,54,10000.0
Alexandra Porat,0,0,10000.0
Alexandria Maillot,1225,15,5000.0
Alexiane,10246,52,21083.0
Alfie Zappacosta,661,17,21802.08
Algorhythm,35,0,2000.0
Alicia Clara,747,14,2000.0
Alicia Toner,241,10,24512.0
Aliens Like Us,17,0,1466.0
Allan Rayman,133010,56,36052.56
Alli Walker,20,19,10000.0
Allie X,625251,63,6866.05
Altameda,1345,17,5750.0
Altered By Mom,219,1,2000.0
Altona,95,1,2000.0
Alysha Brilla,8247,37,1339.03
Alyson McNamara,358,24,2000.0
Amaal Nuux,3546,17,10000.0
Amanda Gibeau,0,0,2000.0
Amanda Keesmaat,26,18,2000.0
Amanda Lowe W.,0,0,2000.0
Amanda May,72,0,2000.0
Amanda Rheaume,586,7,10000.0
Amanda Spvde,75,0,2000.0
Amanda Sum,161,2,2000.0
Amber J,305,25,10000.0
Amber-Jo Bowman,104,14,2000.0
Ambre McLean,322,2,2000.0
Amelie No,284,4,25045.0
Amelie Patterson,580,9,4108.0
Ami Cheon,558,5,2000.0
Amir Brandon,243,7,55000.0
Ammoye,298,11,44863.0
Among Legends,158,1,2000.0
Amos the Kid,674,22,2000.0
Amy Bacon,116,3,2000.0
Amy Bishop,608,3,10000.0
Amy Blake,1,0,2000.0
Amy Pitt,38,0,2000.0
Anachnid,1989,23,12450.0
Anakrusis,0,0,2000.0
Anders,114004,58,87895.2
Anders Muskens,19,1,2000.0
Andrea,0,0,2000.0
Andrea Ramolo,424,7,42313.0
"Andrea Shipka ""réa""",0,0,2000.0
Andrea Superstein,406,12,10000.0
Andrew Allen,15079,38,10000.0
Andrew Cameron,0,0,2000.0
Andrew Cassara,6005,19,58869.0
Andrew Paul MacDonald,4,0,10000.0
Andrew Pololos,813,19,16420.17
Andrew Sherriff,59,3,2000.0
Andrew Waite,336,8,2580.0
André Ethier,896,17,7156.0
Andy Shauf,126451,55,24995.47
Andy Stochansky,509,10,6734.77
Angel Baribeau,920,16,13938.0
Angela Saini,191,2,2760.0
Angela Turone and Chris Platt Duo,0,0,20613.0
Angela Wrigley Trio,0,0,20442.0
Angele Desbois,17,0,2000.0
Angie Faith,38,0,2000.0
Anklegod,939,22,32256.05
Ann Vriend,963,10,34974.0
Anna Arrobas,113,1,2000.0
Anna Katarina,141,14,2000.0
Annabelle Chvostek,408,6,39071.54
Anomalie,86454,48,35277.0
Anthony Bezel,30,5,2000.0
Anthony Kalabretta,544,25,2300.0
Anthony Kavanagh,2233,43,10000.0
Anthony OKS,256,4,12282.87
Anya Smith,1,0,2000.0
Anzola,0,0,23021.13
Apashe,208014,66,68264.4
Apollo Suns,3771,15,2000.0
Apryll Aileen,0,0,1865.0
Archspire,66767,42,32070.0
Arlan Vriens,0,0,2000.0
Arlo Maverick,305,6,3680.0
Around Joshua,43,1,1265.0
Art d'Ecco,3132,29,9890.0
Aruna Antonella Handa,0,0,2000.0
Ashleigh Ball,2292,33,10000.0
Ashton Mills,176,16,2000.0
Astin Clark,220,24,3036.0
Astral Swans,828,8,26902.34
Astrocolor,2959,38,3100.0
Atsuko Chiba,1408,9,5105.0
Atwell,145,5,1656.0
Audra Santa,10,0,5726.0
Austra,141466,46,73932.35
Autogramm,242,12,46900.0
Automnes,0,0,2000.0
Autopilot,209,1,4025.0
Autos Jaquet,31,0,2000.0
Autumn Kings,13588,44,10000.0
Awolk,401,12,10900.0
Ayla Brook & The Sound Men,0,0,2000.0
Ayria,19181,31,39771.0
Azalyne,381,13,2000.0
Azaynia,25,0,2000.0
Azuline Duo,16,0,2000.0
B.ONLOCATION,167,1,2000.0
BAINS.,819,44,2000.0
BANNERS,411733,74,60000.0
BASIA BULAT,42356,42,15375.0
BBQT,431,6,2000.0
BECCA TG,0,0,2000.0
BERNICE,5416,29,16312.0
BEYRIES,20430,43,12938.0
BILYK,80,15,2000.0
BLANKS,183315,57,2000.0
BPM,0,0,1121.0
BRAIDS,35677,34,49362.0
Baby Boy Blue,110,0,1380.0
Baby Fresh,726,21,20000.0
Babylung,832,22,4000.0
Bad Animal,42,0,2460.0
Bad Waitress,4056,32,15748.0
BadBadNotGood,526698,70,60000.0
Badge Époque Ensemble,3010,26,16677.0
Bamtone,527,32,2000.0
Barbra Lica,4761,38,12460.0
Barry Paquin Roberge,650,23,56541.0
Basement Revolver,3507,15,7762.0
Basset,0,0,10000.0
Beach Body,417,7,3764.38
Beamer Wigley,593,16,47787.07
Bedouin Soundclash,54488,45,10000.0
Bee Fahel,0,0,2000.0
Begonia,10781,36,18796.0
Behrooz Mihankhah,0,0,10000.0
Belle Envie,221,8,2000.0
Ben Caplan,46922,42,38359.0
Ben Cottrill,599,9,1150.0
Ben Heffernan,0,0,2000.0
Ben Klick,332,6,2000.0
Ben Rogers,2612,20,2000.0
Bend Sinister,4253,26,1232.0
Benita,960,26,10000.0
Benjamin Dakota Rogers,1443,19,11553.0
Beppie,100,20,2000.0
Best Friends Club,2270,40,2000.0
Beverly Glenn-Copeland,21086,40,10000.0
Beyond Creation,68776,38,28938.0
Bianca James,0,0,34750.0
Biawanna,617,21,2000.0
Bibi Club,337,8,2000.0
Big Little Lions,4665,31,1380.0
Billie Zizi,220,2,2000.0
Birds of Bellwoods,6564,36,25076.3
Black Tiger Sex Machine,110228,52,58121.44
Blair Lee,1127,32,2000.0
Blessed,17668,45,22280.0
Blitz//Berlin,0,0,39332.0
Blonde Diamond,761,20,10000.0
Blue Hawaii,42869,43,55681.54
Blue Moon Marquee,823,14,13450.0
Blue Sky Miners,157,1,2000.0
Bluebloods,101,1,2000.0
Bobby Bazini,26545,45,24429.0
Bobby Dove,373,11,2000.0
Bobby Dreadfull Boyd,0,0,2000.0
Bocephus King,770,9,30044.0
Bodywash,2488,19,6600.0
Boniface,5012,22,6072.5
Bonjay,1488,7,3420.0
Borelson,125,3,2000.0
Born Ruffians,83627,48,24929.0
Born at Midnite,732,18,2000.0
Botnek,26604,41,1553.0
Boyhood,7303,32,2000.0
Brad Reid,14,0,2000.0
Braden Gates,214,6,5283.15
Braden Lam,621,12,29407.07
Brandi Disterheft,633,11,20095.0
Brandon Watt,115,1,2000.0
Breagh Isabel,761,39,2000.0
Bree Taylor,4041,18,16555.98
Breeze,3478,41,5447.44
Bridal Party,1723,23,2000.0
Brielle Ansems,120,2,14815.25
Britt,0,0,10000.0
Brittany Kennell,743,27,2000.0
Bronze,5235,39,2000.0
Brooke Palsson,260,2,10000.0
Bruno Capinan,2144,43,2460.0
Buckman Coe,946,8,18760.0
Bud Rice,349,8,1265.0
Bud Roach,25,12,2000.0
Bufflo,260,31,10000.0
Bukola,204,8,42417.0
Bywater Call,631,8,10000.0
Bùmarang,46,2,2000.0
CFCF,12007,41,8175.64
CHANCES,8,0,4554.0
CHIMP IT,93,1,2000.0
CIVILIANA,181,3,2000.0
CMDWN,10601,33,15451.71
CODE Quartet,92,12,19683.0
CRNKSHFT,328,4,2000.0
CRaymak,6544,34,2000.0
CRi,0,0,2000.0
CXC,15,19,2000.0
Caardia,85,0,2000.0
Cain Price,48,7,2000.0
Caj Flow,1792,25,2000.0
Caleigh Barker,88,21,2000.0
Cam Blake,152,9,2000.0
Camille Delean,236,2,2000.0
Campbell + Green,43,0,2000.0
Canadian Chamber Choir,80,3,14770.0
Cancer Bats,69487,42,33752.0
Cara Bateman,387,14,2000.0
Caracol,2402,25,2645.0
Carbon Memory,196,9,2000.0
Care Station,0,0,2000.0
Caribou Run,143,5,2000.0
Carmanah,4916,27,62203.0
Carmen Elyse Braden,0,0,15000.0
Carol Welsman,12284,45,5175.0
Caroline Lizotte,11,1,10000.0
Caroline Valentine,73,0,2000.0
Carolyn Dawn Johnson,40019,33,10000.0
Carson Hoy,1095,0,2000.0
Carson Teal,35,0,2000.0
Cartel Madras,5883,35,1000.0
Carter & The Capitals,672,9,2000.0
Cartoon Lizard,397,5,2000.0
Casper Skulls,2213,12,11265.0
Cassandra Maze,161,3,2000.0
Cassidy Waring,272,3,2000.0
Cassie Dasilva,2617,39,17930.0
Cassie and Maggie,1030,17,10000.0
Cat Clyde,34241,48,26354.73
Cat Murphy Band,103,14,2000.0
Catalina Reapers,0,0,2000.0
Cate,34553,50,30175.0
Catherine MacLellan,5986,26,5876.0
CeVILAIN,1489,30,1265.0
Cecile Believe,8296,41,12075.0
Cee,0,0,2000.0
Celeigh Cardinal,1635,34,20000.0
Celeste,243122,66,2000.0
Celina Wolfe,0,0,21702.0
Cellphone,82,0,2000.0
Century Egg,94,6,1639.0
Ceréna,285,23,22461.0
Chad Price,659,13,48848.0
Chad VanGaalen,46403,43,6000.0
Chair Warriors,278,6,2000.0
Chairmen Of The Boards,23,0,2000.0
ChampagneWeather,0,0,2000.0
Chandra,0,0,1421.26
Chantel Riley,264,1,2700.0
Chara Kai-Le,94,16,2000.0
Charissa,6,0,11568.5
Charke Cormier Duo,0,0,8330.87
Charlene Amour,103,0,2000.0
Charles Freeman,0,0,1983.73
Charlie PS,749,16,2000.0
Charlotte Cardin,272474,67,59196.0
Charlotte Cornfield,2049,17,1035.0
Chastity,9263,26,26680.0
Chelsea McBride's Socialist Night School,209,3,6585.19
Chersea,468,13,11473.24
Cheryl Duvall,33,4,10000.0
Chet Doxas,200,1,18406.0
Chin Injeti,13485,30,9500.0
Chloé Caroline,3970,20,10000.0
Chris Buck,938,21,37070.0
Chris Ho,0,0,2000.0
Chris Hoather,8,0,2000.0
Chris Ronald,129,6,39385.0
Chris Ryan,105,38,2000.0
Christian Howse,136,6,13525.29
Christian Sean,275,3,2000.0
Christina Martin,702,14,32818.0
Christo Graham,229,5,5882.25
Christopher Lawson,5,0,2000.0
Christopher Vassiliadis,0,0,2000.0
ChromaDuo,57,6,2000.0
Chubby Cree,0,0,2000.0
Chynna Lewis,34,0,4000.0
Chèlle,189,25,2000.0
Cigar Club,529,7,2000.0
Cinde,376,29,2000.0
Cinzia & The Eclipse,1511,37,2000.0
Claire Coupland,90,0,2000.0
Claire Morrison,71,1,2000.0
Claire Ness,39,1,2000.0
Claire Ridgely,8203,55,2000.0
Clare Follett,210,16,12601.0
Classified,82956,54,10417.72
Clayton Bellamy,153,26,49398.0
Close Talker,5491,23,29226.0
Coco Méliès,1512,16,26758.63
Cody Coyote,1928,19,16880.0
Coldwater Road,321,3,2000.0
Colin Sankey,1,0,2000.0
Comeback Kid,123651,48,75000.0
Common Holly,5541,19,1265.0
Conch,2030,31,2000.0
Conrad,197,27,2000.0
Conro,43168,59,54100.0
Constance,271,33,2000.0
Constantinople,7987,38,10000.0
Contious,21,0,2000.0
Cory Gallant,180,9,3800.0
Cory Hotline,1397,23,2000.0
Cory Weeds,820,14,34642.0
Countermeasure,186,10,3725.0
Counterparts,135197,52,30000.0
Courage My Love,33982,35,17780.0
Cowbo Morsche,86,5,2000.0
Crack Cloud,21936,36,78120.42
Craig Cardiff,22265,50,17441.31
Cross Dog,269,1,2000.0
Crushhh,0,0,2000.0
Crying High,135,1,13632.09
Cryptozoologists,43,1,2000.0
Crystal Eyes,9581,29,3830.0
Current Swell,60004,51,58201.25
Curtis Phagoo,0,0,2000.0
D LOPEZ,0,0,10341.06
D.O.,1050385,55,3312.0
DEBBY FRIDAY,3520,26,10000.0
DELACHUTE,4997,36,2000.0
DEPESTRE,7,0,10000.0
DF,0,0,2000.0
DJ POWER,36,12,4692.0
DJ krayzkree,84,3,11328.0
DOMENO,4423,41,15507.03
DOOMSQUAD,2583,10,15143.0
DRU,0,0,44634.39
DYLYN,8214,36,24743.75
Dabin,109445,63,9187.0
Dan Bremnes,26119,45,48772.5
Dan Davidson,7724,40,15068.69
Dan Mangan,56094,47,38239.0
Dan McKinnon,23,0,2000.0
Dan Moxon,346,9,12973.01
Dan-e-o,0,0,12654.5
Dana Gavanski,4465,28,32772.37
Dani Nash,304,6,36166.0
Daniel Benjamin Hollenberg,0,0,1749.0
Daniel Caesar,2751253,87,79000.0
Daniel Hersog,0,0,12529.0
Daniel James McFadyen,754,15,2000.0
Daniel Levitin,1,0,2000.0
Daniel Romano,24194,43,52151.21
Daniela Andrade,358653,61,68864.19
Danielle Knibbe,405,6,1380.0
Danko Jones,153768,56,36500.0
Danny Bell and His Disappointments,101,3,2000.0
Dany Laj & The Looks,0,0,17399.07
Darkest Horse,97,0,18335.03
Darryl James,57,7,2000.0
Darryl Kissick,108,44,2000.0
Daryl Kelly,0,0,2000.0
Das Mörtal,12923,40,20115.0
Dave Allen,210,5,10000.0
Dave Carroll,845,20,2000.0
Dave Gunning,2056,22,1380.0
Dave Hartney,207,5,2000.0
Dave Monks,2492,21,10000.0
Dave Sully,34,0,2000.0
Dave Young,429,21,4140.0
David Boyd Janes,1098,23,30000.0
David Francey,6178,33,6936.0
David King,170,22,2000.0
David Leask,122,3,21967.31
David Myles,8857,42,1725.0
David Newland,16,0,1725.0
David Pomeroy,15,0,10000.0
David Restivo,27,4,5204.0
David Strickland,720,14,14341.0
Dawn to Dawn,199,10,2000.0
Dead Quiet,2906,18,35388.0
Dean Brody,124903,61,58911.5
Deanna Petcoff,1285,19,2000.0
Dear Father,220,0,2000.0
Dear Rouge,19571,36,40000.0
Deathpact,20020,49,33280.0
Deathsticks,111,0,1035.0
Deb Rhymer,21,0,2000.0
Deborah Grimmett,16,1,10000.0
Debra-Jean Creelman,169,6,2000.0
December Rose,1073,7,12000.0
Dee Daniels,289,9,39848.0
Def3,3032,35,41955.0
Del Barber,2088,26,14608.130000000001
Delaney Jane,46738,61,117102.8
Dele O,0,0,3656.0
Delhi 2 Dublin,6999,21,6138.0
Deliluh,1589,16,4277.0
Delta Creek,44,0,2000.0
Delti Becker,250,21,2000.0
Demetrios Petsalakis,11,1,2000.0
Dempsey Bolton,3152,15,4000.0
Denise Valle,446,6,4760.0
Dennis Ellsworth,520,14,4460.0
Deperuse,280,5,2000.0
Derek Orsi,190,5,2000.0
Derrick Gardner,54,0,43975.0
Desiree Dawson,7535,43,7384.0
Desiree Dorion,211,8,1380.0
Despised Icon,96161,40,30000.0
Destroyer,142140,48,115000.0
Devarrow,3826,39,22118.25
Devon Welsh,3444,15,23821.85
Devontée,2017,26,1656.0
Diamondtown,486,14,4530.0
Didem Basar,19,10,10000.0
Digging Roots,1591,14,12400.0
Dijah SB,3,0,1380.0
Dione Taylor,331,4,2000.0
Dirty Catfish Brass Band,833,8,1725.0
Diyet,117,2,4125.0
Dizzy Mystics,266,3,1265.0
Dizzy.,0,0,74121.02
Dj Arabika,5275,22,2000.0
Doghouse Rose,601,10,2000.0
Dom Vallie,12669,43,33983.0
Domanique Grant,201,2,34660.0
Dominique Fils-Aimé,17954,42,30000.0
Don Amero,1603,26,1265.0
Dongso Julia Kim,0,0,2000.0
Donna Makeda,93,0,2208.0
Donné,0,0,2000.0
Donovan Woods,59617,63,83227.0
Doohickey Cubicle,454,24,2000.0
Dorothea Paas,567,22,2975.0
Dos Pesos,10,0,2000.0
Dr G,0,0,2000.0
Dr. Réa Beaumont,0,0,2000.0
Dream Babe,60,1,2000.0
Dreams Yukon,43,0,2000.0
Duane Andrews,1813,18,2000.0
Dubmatix,18516,36,10000.0
Ducks Unlimited,0,0,1725.0
Duo Corvi,0,0,2000.0
Dylan Hennessy,0,0,2000.0
Dylan Joshua,1636,40,2000.0
Dylan MacDonald,0,0,1035.0
Dylan Sinclair,34377,49,16337.0
E.G. Palermo,8,0,2000.0
EMARRA,77,0,2000.0
ESCO,0,0,2000.0
ESMO,64,3,10566.0
EVAN FARRELL,198,7,2000.0
Eadsé,97,4,2000.0
Eagle & Hawk,387,13,15000.0
Earle and Coffin,0,0,2070.0
Earlybird,307,17,2000.0
Econoline Crush,20662,33,10000.0
Edna King,128,1,1597.97
Edward Enman,8,0,2000.0
Eihdz,129,9,2000.0
Ekali,129147,57,60000.0
El Leon and The Strangers,0,0,2000.0
Electric Religious,424,11,7000.0
Elephant Stone,11614,31,47582.29
Eliana Cuevas,306,6,2875.0
Elijah Blond,5142,43,2000.0
Elijah Woods,9618,49,7500.0
Elijah Woods x Jamie Fine,23385,44,2243.0
Elko,13296,49,56939.0
Ella Hartt,78,0,2000.0
Elle McAndrews,131,1,2000.0
Ellevator,2036,13,2000.0
Elliot Maginot,5359,33,1265.0
Elliott Brood,16521,37,26004.0
Ellis,26501,53,44117.0
Ellyn Woods,392,38,12300.0
Elyse Saunders,525,23,60000.0
Emi Jeen,483,15,2000.0
Emily Cook,21,7,2000.0
Emily Gilbart,73,1,2000.0
Emily Marques,112,20,2000.0
Emily Raquel,38,0,2000.0
Emily Reid,3298,31,2000.0
Emily Rockarts,596,4,29568.16
Emily Triggs,129,2,1380.0
Emma Aurelia,0,0,2000.0
Emma Beko,1515,34,2000.0
Emma Cook,0,15,25000.0
Emma Kade,108,12,2000.0
Emma Lamontagne,482,8,2515.19
Emma Peterson,18,5,2000.0
Emmet Michael,505,9,2000.0
Empress Nyiringango,3,3,2000.0
Emsea,725,8,2000.0
Endrick & The Sandwiches,97,2,12418.0
Ensemble Made In Canada,46,3,44932.17
Erez Zobary,3050,34,2000.0
Eric Ethridge,11930,44,40000.0
Eric Morier,0,0,2000.0
Erica Knox,107,1,2000.0
Erika Lamon,51,0,2000.0
Erin Propp & Larry Roy,52,8,13967.0
Ernesto Cervini,190,9,10000.0
Esther Medley-Smith,0,0,2000.0
Eternal Closure,194,3,1380.0
Evan Shay,26,0,2000.0
Eve Parker Finley,863,6,2000.0
Ever Elsewhere,473,9,2000.0
Evers,0,0,2000.0
Every Hour Kills,3568,22,2000.0
Excuses Excuses,477,3,10000.0
Eyeami,293,3,2000.0
Ezra Jordan,2545,28,10000.0
F.R.O.S.T,0,0,3312.0
F.Scott,0,0,2000.0
FITZGERVLD,132,4,2000.0
FJØRA,5010,51,2000.0
FKB,28,2,1265.0
FLARA K,743,26,4898.0
FRANKIIE,1185,10,10971.0
FRANKYSELECTOR,0,0,6040.0
FRASE,2207,36,1635.0
Factor Eight,1363,17,2000.0
Fade Awaays,1353,12,2000.0
Fame Holiday,885,21,2000.0
Fancy Lady,14,0,2208.0
Fast Romantics,8775,25,80545.18
Fatal Switch,72,1,1380.0
Fawn Fritzen,76,4,9615.0
Fayne,608,7,2000.0
Felix Cartal,74447,66,9488.0
Fencehopper,0,0,2000.0
Fethi Nadjem,35,9,2000.0
Fidelak,17,0,2000.0
Field Guide,3452,47,29439.38
Fin Furey,340,4,2000.0
Finer/Haggart,0,0,2000.0
Fish Jones,0,0,2000.0
Five Alarm Funk,11045,31,25350.0
Fiver,1577,20,4744.0
Fiùran,255,4,2000.0
Fleshxfur,341,9,20000.0
Flight School,1519,38,54794.5
Flint & Feather,0,0,2875.0
Floral Marks,58,0,2000.0
Florian Hoefner,97,0,47464.0
Flower Face,35309,49,12000.0
Flowers Of Hell,0,0,2000.0
Fog Blues And Brass Band,49,0,2550.0
Fonkynson,1900,22,11010.61
For Jane,197,1,2000.0
Foreign Films,12,0,40000.0
ForeverForever,0,0,3725.0
Forthright,124,3,1723.73
Fortunate Ones,4718,40,26712.0
Fortunato,343,24,1035.0
Foxtrott,6156,29,2700.0
Foxwarren,27650,45,39830.0
Foxx Worthee,108,1,2000.0
Frail Hands,2427,15,1238.55
Francesco Yates,36584,66,8000.0
Francis Blvd.,27,0,2000.0
Francois Klark,5462,41,10000.0
Frank Horvat,114,9,46589.0
Frank Moyo,155,15,2000.0
Frank O'Sullivan,58,1,2000.0
Frazey Ford,52829,48,30000.0
Fredy V  & The Foundation,0,0,2000.0
Freedumb,506,11,13800.0
Freida Mari,480,13,2000.0
Fresh Breath,0,0,2000.0
Friendly Fables,58,4,19972.0
Fucked Up,55044,44,25163.0
Fuel Junkie,107,1,2243.0
Fungus,172,16,2000.0
G Body,906,24,10000.0
GALE,956,28,2000.0
GEARL,95,4,2000.0
GIVVEN,2697,55,2000.0
GRAE,37908,49,44192.42
Gabriela Bee,79596,45,39469.0
Gabrielle Papillon,1385,15,31036.5
Gabrielle Shonk,8036,30,1035.0
Gaia Guarda,119,1,2000.0
Gareth Inkster,0,0,2000.0
Garrett Gregory,0,0,2000.0
Garrett Kato,27840,55,5627.0
Garth Prince,43,1,2000.0
Gary Beals,360,14,10000.0
Gee Wunder,188,8,2616.0
Gene Darlene,0,0,2000.0
Geneviève Racette,1053,25,11035.0
Gentle Party,80,0,2000.0
Geoffroy,28501,54,22500.0
George Crotty,6,0,2000.0
Georgettte,0,0,2000.0
Georgia Lee Johnson,102,3,2000.0
Ghost Love,345,3,10000.0
Ghost Twin,1373,24,30446.0
Gianna Lauren,333,7,7008.0
Gillian Moranz,31,0,2000.0
Gillian Nicola,200,0,3553.0
Gimmemar,136,1,2000.0
Gina Burgess Music,0,0,2000.0
Ginalina,156,14,46443.9
Giselle Sanderson,0,0,2000.0
Gisto,685,20,23996.75
Giuseppe Lanni,426,32,12299.0
Gloin,219,2,1135.65
Glutenhead,247,4,2000.0
GodsConnect,0,0,8625.0
Gooch,499,31,8744.95
Good Advice,34,0,2000.0
Good Lovelies,7923,29,55570.0
Goodbye Honolulu,5452,30,22336.0
"Goodnight, Sunrise",697,5,11897.0
Gord Bamford,47109,51,79924.0
Gord Sinclair,636,8,10351.0
Gracie Willmer,0,0,2000.0
Graham Van Pelt,560,9,51586.0
Grandtheft,58434,46,40000.0
Grant Stewart,1203,10,7475.0
Great Lake Swimmers,67799,43,10378.75
Grier Munro,37,0,2000.0
Griffen Palmer,0,0,2000.0
Grimes,1412853,72,90525.0
Grüves,24,0,2000.0
Guidestones,196,1,2000.0
Gunner & Smith,207,1,6106.0
Gypsy Kumbia Orchestra,1307,12,24226.77
HAVS,305,11,2804.0
HAVYN,2900,11,2000.0
HAWA,0,0,2000.0
HAYZ,910,25,2000.0
HERDD,617,10,2000.0
HIGHS,2918,16,2000.0
HMLT,913,18,15815.62
HOAN,0,0,2000.0
HOFFEY,1602,31,5000.0
Hagiel,1,0,2000.0
Halcyon Gray,0,0,50000.0
Half Moon Run,240720,60,131075.49
Hannah Gazso,0,0,2000.0
Hannah Georgas,24964,41,34050.0
Hansom Eli,1373,34,3150.0
Harmonics,0,0,2000.0
Harry Stafylakis,19,0,8850.0
Harry Vetro's Northern Ranger,260,6,10000.0
Havelin,10299,42,9864.84
Haviah Mighty,6837,36,60095.880000000005
Hawkins & Lougheed,0,0,2000.0
Hayley Sales,3685,26,35000.0
Haze,5957,62,2000.0
Headless Nameless,20,0,18646.71
Heather J,0,0,4000.0
Heavy Hearts,3486,17,2000.0
Heavydive,103,0,1150.0
Helen Paradise,83,10,2000.0
Helena Deland,28287,48,35000.0
Hello Delaware,438,7,2070.0
Hello Victim,209,3,2000.0
Henry Nozuka,463,15,2000.0
Her Brothers,1535,16,1035.0
Hilario Duran,1814,28,40000.0
Hildegard,1714,34,5000.0
Hildegarde,234,7,2000.0
Hildeguard,0,0,3150.0
Hillsburn,2110,23,32855.99
Hiroki Tanaka,5,0,2000.0
Hogtown Brass Quintet,0,0,2000.0
Hollow Twin,126,0,2000.0
Holy Fuck,59669,51,27683.060000000005
HomeSick,836,8,2000.0
Homeshake,316628,58,13369.0
Honeymoon,788,8,2000.0
Honors,32792,47,42404.91
Hoozbah,110,0,2000.0
Hope,0,0,1380.0
Hopeful Sixteen,222,1,2000.0
Hot Garbage,683,7,3163.0
Hot Lips,255,3,2000.0
Hot Tub,916,17,2000.0
HotKid,2033,26,27505.0
Hotel Mira,14752,43,2000.0
Hour Daze,0,0,2000.0
House Art,92,0,2000.0
Hua Li化力,0,0,14535.0
Hunnah,5831,33,10000.0
Hunter Sheridan,255,21,2000.0
Hunting,0,0,29470.0
Hutchie,0,0,2000.0
Höhn,87,7,2000.0
I Am The Mountain,708,6,2000.0
I M U R,6552,40,40942.0
IN Veil,62,5,2000.0
Ian Foster,38,0,2000.0
Ian GIll,4,6,2000.0
Ian Kelly,841,21,20371.61
Ice Cream,6608,32,6969.0
Ice Tha One,109,12,2000.0
Idman Abdulkadir,0,0,2500.0
Incase We Crash,2777,27,2000.0
Indigo,0,0,2000.0
Infusion Baroque,80,3,12243.0
Intervals,139966,53,62042.0
Isaac Vallentin,381,9,1737.0
Isla Den,353,10,2000.0
Ivytide,7502,40,2000.0
Izra Fitch,176,0,2000.0
J.R. Proctor,58,1,2000.0
JASON BENOIT,5747,27,1495.0
JENNA Nation,4,0,1656.0
JESSIA,87095,65,10000.0
JJ Shiplett,4938,31,8732.0
JOYFULTALK,681,23,1552.0
JP Cormier,0,0,1380.0
JS Williams,18,0,2000.0
JSP,266,18,2000.0
JT Soul,826,17,29069.7
JULY.xi,0,0,1725.0
JYAY,2397,27,12664.0
Jaap Nico Hamburger,12,0,23442.38
Jack Pine and The Fire,182,2,2000.0
Jack Trades,2186,43,2352.35
Jackie,0,0,11725.0
Jackson MacIntosh,826,8,2000.0
Jacob Brodovsky,76,0,2000.0
Jacob Rose,59,0,2000.0
Jacques Greene,72492,47,16313.0
Jacqui Verellen,96,6,2000.0
Jacs,37,0,10000.0
Jade Eagleson,14410,51,20000.0
Jade Faith,2,6,2208.0
Jade The Moon,1291,22,16221.0
Jades Goudreault,11507,46,42816.75
Jaffa Road,243,7,33841.0
Jake Donaldson,568,4,10000.0
James Bailey_,0,0,2000.0
James Baley,391,23,2000.0
James Clayton,39,3,2000.0
James Keelahaghn,0,0,19363.0
James Matthew VII,535,14,7791.0
James McLeod,0,0,10000.0
James Parm,593,23,2000.0
Jamie Lee Trio,56,2,2000.0
Janay Thomas,18,0,2000.0
Jane Blanchard,130,0,2000.0
Jane Bunnett,1864,12,28919.75
Jane Inc.,1150,20,1765.0
Jane's Party,5065,33,5010.0
Jared Salte,134,7,2000.0
Jaron Chidiac,19,0,2000.0
Jarvis Church,952,20,25000.0
Jasmyn Burke,0,0,10000.0
Jason Blaine,25105,36,19674.0
Jason Kai,28,0,2000.0
Jasper Sloan Yip,738,11,18446.0
Jay Arner,1235,26,2502.0
Jay Glavany,822,24,2000.0
Jay PuzzLe,240,5,9246.0
JayWood,694,24,6255.0
Jayda G,40408,57,40000.0
Jaye Marsh,0,0,10000.0
Jazz Cartier,104358,55,40969.0
Jazzy Monika,1,0,2000.0
Jeff Beadle,1299,16,29485.0
Jeffery Straker,1657,21,2000.0
Jenie Thai,401,3,2000.0
Jenna Marie Gallant,0,0,2000.0
Jennifer Castle,4760,23,21805.0
Jennifer King,0,0,30544.0
Jenny Mayhem,579,31,2000.0
Jeremie Albino,4720,41,3795.5
Jeremy Dutcher,11969,28,53183.0
Jeremy Fisher,5223,30,10350.0
Jeremy Inkel,232,3,8868.0
Jerrica Alyssa,2190,17,2000.0
Jerry Cook,35,3,7924.0
Jerry Leger,736,15,55333.86
Jerry Sereda,252,7,10299.0
Jess Moskaluke,24924,49,1150.0
Jesse Cook,63733,53,65000.0
Jesse Mac Cormack,7000,38,13634.0
Jesse Roper,12348,42,44703.0
Jesse Stone,362,12,2000.0
Jessica Chaz,127,0,1035.0
Jessica Moss Music,0,0,2460.0
Jessica Sevier,3664,6,2000.0
Jessica Strong,0,0,2000.0
Jessica Wedden,0,0,2000.0
Jessie Alexandra,0,0,2000.0
Jessie Brown,134,16,3150.0
Jessie Farrell,2831,16,45000.0
Jessie Gosling,26,0,2000.0
Jessie Jean,0,0,2000.0
Jibril,0,0,2000.0
Jill Barber,34602,53,10190.0
Jillian Lake,312,8,10000.0
Jim Audet,87,3,2000.0
Jimmi The Dealer,90,32,2000.0
Jimmy Rankin,6700,36,1725.0
Joan Bessie,56,1,1035.0
Joanna Majoko,1,0,2000.0
Jocelyn Pettit,14,1,10000.0
Joe Nolan,0,0,1380.0
Joe Stanton,8,2,2000.0
Joel Eel,189,5,1600.0
Joel In Blue,0,0,2000.0
Joel Plaskett,26753,39,35544.0
Joey Stylez,4920,35,7000.0
Joey Tyler,348,6,2000.0
Johann,0,0,2000.0
John Finley,6,0,25000.0
John Jacob Magistery,1743,13,3380.0
John Muirhead,4791,25,1380.0
John Mutter,0,0,2000.0
John River,2916,14,25000.0
John Wort Hannam,643,12,1380.0
Johnny 99,177,2,2000.0
Jom Comyn,506,6,2530.0
Jon Bryant,27431,49,7468.93
Jon Vinyl,26131,50,10000.0
Jon and Roy,30898,50,45462.0
Jonathan Roy,46758,55,44720.0
Jonsy,525,26,20000.0
Jordan Hart,3024,35,47919.42
Jordan Klassen,7413,33,40013.0
Jordana Of Earth,101,2,2000.0
Jordyn Pollard,197,8,2000.0
Joseph Shabason,13403,40,13950.0
Josh Sahunta,3752,41,1380.0
Joshua Van Tassel,521,13,16483.0
José  Lobo,0,0,2000.0
Joy Lapps,108,2,8000.0
JoyRide,5634,32,10000.0
Joyce N'sana,227,10,10000.0
Joyia,673,28,2000.0
Jozem,0,0,10000.0
Joéllen,279,18,10000.0
Joël Lobban,0,0,104234.67
Juicebox Band,0,0,2000.0
Julian Daniel,3701,31,23184.0
Julian Taylor Band,2647,24,26900.0
Julie Neff,451,6,4940.0
July Talk,102016,49,23733.129999999997
June Garber,64,1,10000.0
Junk,0,0,10222.0
Just Costa,274,14,2000.0
Justin Nozuka,88274,54,66995.61
Justin Wright,404,6,13170.0
Justine Tyrell,489,23,10000.0
K-Riz,0,0,2000.0
KADIRI,2,0,2000.0
KEN mode,15289,27,6232.0
KIANA,15,19,2000.0
KROY,5558,38,1656.0
KTOE,765,28,25256.81
Kaade,12,0,2000.0
Kacy & Clayton,14372,44,30000.0
Kadeema,781,24,63665.6
Kaeley Jade,219,7,2000.0
Kai Lamay,55,4,2000.0
Kalaisan Kalaichelvan,24,1,2000.0
Kalon Hart,28,0,1265.0
Kalyna Rakel,510,8,1553.0
Kandle,6619,32,50605.0
Kane Incognito,697,20,2000.0
Karate Kactus,759,10,2000.0
Karen Lee Batten,0,1,2000.0
Karissa Hoffart,91,1,2000.0
Karl Wolf,48636,53,49979.47
Karla Adolphe,713,25,2000.0
Karli June,345,6,15222.0
Kasador,1200,10,10000.0
Kassie K.,71,1,2000.0
Kat And Die Kunst,26,0,1380.0
Kat Danser,241,7,34314.57
Kat no.ELLE,4,0,2000.0
Kate Bevan-Baker,10,17,2000.0
Kate Boothman,170,6,2000.0
Katelin Aragon,532,1,2000.0
Katey Gatta,142,0,2000.0
Katherine Fischer,126,1,2000.0
Katherine Penfold,504,4,19785.0
Katie Moore,313,25,2000.0
Katie Rife,1,0,2000.0
Katy Topham,64,3,2000.0
Kay Clarity,83,0,2000.0
Kayla Diamond,3395,40,1725.0
Kaylan Mackinnon,390,9,2000.0
Kaytranada,862389,73,20000.0
Keats Conlon,43,0,2000.0
Keegan Chambers,107,6,2000.0
Keely Valentine,296,5,2000.0
Keeper E.,222,8,8157.0
Keith Ford,5,2,2000.0
Keith O'Rourke,15,0,9800.0
Kelland,715,38,2000.0
Kelly Bado,434,6,3047.0
Ken Tizzard,195,7,1591.0
Kendra Kay,307,13,23513.8
Kennen,4452,38,2000.0
Kenzie Cates,177,5,2000.0
Keys N Krates,183526,58,46050.0
Kid Koala,86815,53,81634.0
Kielley Koyote,87,0,2000.0
Kiesza,277394,63,45350.0
Kilmore,77,0,3265.0
Kim Harris,393,9,11157.23
Kim June Johnson,35,0,2000.0
Kimberly Sunstrum,284,2,2000.0
Kimihiro Yasaka,0,0,2000.0
King Park,400,3,2000.0
King of Foxes,290,2,7000.0
Kinkade,163,1,2000.0
Kintaro Akiyama,2,0,2000.0
Kiran Ahluwalia,2605,15,11495.0
Kirk MacDonald,133,1,2940.0
Kirsten Ludwig,596,7,10000.0
Kirty,1803,19,30522.0
Kitty & The Rooster,211,2,2000.0
Kiwi Jr.,8537,36,39757.0
Kobo Town,2800,31,10000.0
Koffee K,3810,36,2000.0
Korea Town Acid,583,15,35622.0
Kristen Karma,301,0,2000.0
Kristian North,91,6,1809.0
Kristin Witko,172,4,2000.0
Kubla,681,10,2000.0
Kuri,0,0,5750.0
Kutch,1,0,5149.99
Kvne,1749,27,2000.0
Kwansa,0,0,2000.0
Kyara,69,6,2000.0
Kyla Charter,32,16,2000.0
Kyle Connolly,0,0,11399.0
Kyle Ivan,197,2,2000.0
Kyle Richardson,130,14,2000.0
Kylie V,788,21,2000.0
Kyra Mastro,558,43,1495.26
K¥LO,0,0,2000.0
L CON,0,0,1150.0
LAPS,0,0,3265.0
LEATHERS,1658,23,55041.0
LIZ LOKRE,2379,31,10000.0
LOONY,19392,54,43165.0
LT Leif,0,0,2000.0
LU KALA,4659,39,59146.1
La Force,5043,32,1265.0
La Sécurité,0,0,2000.0
Lady Son,2,0,25000.0
Laii,155,6,1150.0
Laila Biali,3669,19,59900.0
Lana Winterhalt,212,7,2000.0
Land Of Talk,38482,40,16483.0
Lara Deutsch,10,2,10000.0
Lara Solnicki,37,3,25000.0
Laraw,647,23,2000.0
Larisa Santiago,86,22,2000.0
Laur Elle,3064,30,2000.0
Laura Hickli,0,0,2000.0
Laura Lucas,127,1,2000.0
Laura Reznek,837,21,12000.0
Laura Smith,179,9,9056.0
Lauren Mayell,181,4,25000.0
Lawrence Maxwell,323,10,2000.0
Leaf Rapids,280,4,1035.0
Leah Allyce Canali,145,4,2000.0
Leanna Oki,252,5,2000.0
Lee Paradise,714,10,4023.0
Leela Gilday,871,15,17838.5
Leeman,25,1,38998.0
Leeroy Stagger,2602,20,64255.0
Legal Vertigo,96,2,1725.0
Lemin,166,22,29650.0
Lennie Gallant,2040,25,2463.0
Lenny,54,54,2000.0
Lenny Bull,142,0,10000.0
Les Deuxluxes,4030,22,2070.0
Les Fireflies,42,1,1725.0
Les Royal Pickles,472,8,5635.0
Lesser Evil,166,1,1380.0
Let's Be Giants,72,3,2000.0
Letchi,137,4,2000.0
Leucrocuta,31,0,2000.0
Lev Snowe,4422,28,1265.0
Levi Dover,5,1,2000.0
Levi Rowan,749,26,27000.0
Lex Leosis,1374,26,10000.0
Li'l Andy,0,0,3553.0
Liam Duncan,363,4,2000.0
Liam Mitro,0,0,2000.0
Liana,975,26,11993.01
Lido Pimienta,63224,52,4167.0
Life In Vacuum,1446,7,2300.0
Lightman Jarvis Ecstatic Band,409,27,2156.0
Like A Motorcycle,965,14,1265.0
Lil Berete,33407,48,10000.0
Lil Windex,44460,47,15000.0
Limblifter,7305,24,10000.0
Linda Carone,139,7,2000.0
Linsey Beckett,0,0,2000.0
Lisa Nicole,464,10,30000.0
Little Destroyer,1724,32,10000.0
Living Hour,2955,23,3840.0
Liza,5218,43,54317.0
Lié,0,0,19166.0
Logan and Nathan,182,5,1553.0
LolaBunz,185,4,1380.0
Lonelyboyxxo,98,0,2000.0
Long Range Hustle,897,23,13254.0
Lorne Lofsky,458,8,15065.25
Loryn Taggart,206,3,2000.0
Los Kabbiociles,17,0,2000.0
Lost Cousins,2086,18,17640.0
Lost Love,859,21,1984.0
Lotus Collective,0,0,2000.0
Lou Canon,544,4,17706.9
Louise Bessette,68,12,10000.0
Love & The Outcome,70239,46,32091.41
Loviet,819,19,12000.0
Loving,82418,53,23657.0
Lozen,281,1,2000.0
Luca Fogale,25029,51,1248.14
Lucette,8984,34,12000.0
Lucid-Afterlife,0,0,20000.0
Ludic,18082,36,47411.2
Luke Lalonde,1957,41,16863.0
Luke McMaster,1122,28,2000.0
Luke Mercier,0,0,26819.0
Lumber Jills,0,0,2000.0
Luminous Voices,113,4,20828.0
Luna Li,23176,49,28366.0
Luxe,0,0,3150.0
Lydia Ainsworth,9618,28,46927.8
Lydia Persaud,94,27,1380.0
Lydia Sutherland,152,16,2000.0
Lynne Hanson,1540,12,2000.0
M.O. Littles,473,10,4588.0
M1RZA,785,10,2000.0
MAD ONES,77,0,28851.7
MAGELLA,15,0,2000.0
MANILA GREY,81493,55,37248.0
MAV,0,0,30000.0
METZ,61722,40,49163.0
MSTRKRFT,96513,41,20000.0
MUNYA,16571,45,1725.0
Maccie,396,3,2000.0
Mad Riddim,50,4,2000.0
Maddie Storvold,601,16,10000.0
Madeleine Roger,365,4,2760.0
Madhouse,923,26,2000.0
Madison Galloway,263,2,2858.98
Madison Olds,4651,41,1950.0
Madison Violet,5111,24,14256.0
Madisyn Whajne,162,3,2000.0
Maeve Delia,72,1,2000.0
Maggie Andrew,1242,40,2000.0
Maggie Szabo,6612,47,37892.0
Magi Merlin,483,11,2000.0
Mahogany Frog,305,5,10000.0
Malade,13,4,2000.0
Malcolm-Jay,0,0,3220.0
Malika Tirolien,2208,25,40000.0
Mamarudegyal MTHC,1,14,1380.0
Mandy McMillan,465,3,2000.0
Manic Drive,34140,45,136737.38
Mappe Of,5351,36,24550.66
Marc Bourdeau,10,1,10000.0
Marcus James,1915,46,3450.0
Marie Davidson,42266,47,20000.0
Marie-Clo,1086,17,3380.0
Marika Galea,0,0,2000.0
Marina Hasselberg,4,0,2000.0
Marissa Burwell,125,1,2623.0
Mark Bragg,190,5,3265.0
Mark Fewer,51,14,13604.83
Marlaena Moore,847,9,2760.0
Marlowe & the MiX,30,11,10000.0
Marrlow Paisley,6,0,2000.0
Marshall,0,0,2000.0
Marshall Potts,48,21,13451.0
Martha Wainwright,57581,50,63493.0
Martin Kerr,2011,30,62929.94
Marvia Providence,4422,33,10000.0
Mat Prince,28,0,2000.0
Matt Andersen,29826,42,37500.0
Matt Dusk,15705,43,20000.0
Matt Lang,12511,47,101240.0
Matt Mays,31788,44,17242.0
Matt Steele,75,2,2000.0
Matthew Emery,41,1,2000.0
Matthew Johnston,50,0,8416.67
Matthew Kliewer,0,0,2000.0
Matthew Progress,556,19,1863.0
Mattmac,3179,20,22868.0
Maura Whitman,114,17,2000.0
Maureen Batt,208,2,10000.0
Max Mira,0,0,2000.0
Max Parker,1344,33,30057.38
Maxim Cormier,46,1,21957.49
Maxime Vallieres,54,0,2000.0
Maya Killtron,988,18,2000.0
Maya Rae,1483,12,38884.63
Maybe Babs,319,9,2000.0
Me and Mae,2328,3,2070.0
Meagan de Lima,364,7,2000.0
Megan Dawson,97,18,2000.0
Megan Freedman,60,3,2000.0
Megan Nash,1652,17,8173.0
Meggie Lennon,499,27,3265.0
Mehdi Bahmad,409,14,1150.0
Mehdi Cayenne,468,8,10000.0
Melanie Brulée,339,2,3380.0
Melissa Lauren,149,2,10000.0
Melodic Yoza,237,17,2000.0
Melody Diachun,84,0,2000.0
Meltt,19793,44,2000.0
Melvin Elray,69,0,2000.0
Memory Pearl,76,0,5146.0
Men Without Hats,142899,59,36000.0
Merganzer,91,1,2000.0
Merkules,348805,66,74217.56
Meryem Saci,776,34,2000.0
Micah Erenberg,1211,9,4388.0
Michael Fabro,90,1,2000.0
Michael Feuerstack,781,13,6758.85
Michael Guiney,0,0,2000.0
Michael Johancsik,0,0,2000.0
Michael Paradise,482,17,2000.0
Michael Peter Olsen,169,22,23406.54
Michael Q. Morales,0,0,2000.0
Michael Scott Dawson,120,5,6521.02
Michael Timmins,230,16,2286.0
Michelle Creber,4126,34,36733.66
Michelle Pereira,0,0,2000.0
Midnight Shine,1017,16,2950.0
Midsplit,17672,49,24608.94
Miesha & The Spanks,30,0,6501.0
Miguel de Armas Quartet,55,1,2000.0
Mike Biggar,0,0,1035.0
Mike Celia,45,0,10000.0
Mike Edel,4077,27,45909.82
Mike Plume,302,12,41231.22
Mike Ruby,1212,31,90472.13
Mikey Jose,808,24,2000.0
Mikhail Laxton,794,21,5946.5
Miko,2351,40,2000.0
Miles Francis,8,0,10000.0
Milhouse,0,0,2000.0
Milla Thyme,178,9,51727.63
Mimi O'Bonsawin,393,12,15000.0
Mimika,0,0,2000.0
Minty Burns,1393,23,2000.0
Mirabelle,51,1,27954.72
Mirrelia,183,8,2000.0
Mischa,303,38,2000.0
Mise en Scene,1098,12,6725.0
Miss Emily,137,2,10000.0
Miss Quincy,238,1,10000.0
Missy Bauman,230,4,2000.0
Mister K,136,13,1150.0
Mister Mister,0,0,2000.0
Mo Kenney,5860,27,6621.16
Mo Moshiri,469,17,1220.0
MoFaux,633,25,2000.0
Mobile,2926,26,34125.0
Moira Bren,2056,24,2000.0
Moka Only,12007,41,32476.25
Monique Spence,2,10,1035.0
Monowhales,3859,33,81175.0
Monster Truck,68102,49,75000.0
Monsune,84608,55,26812.0
Moon King,6997,33,47365.0
Moon Tan,21,8,1150.0
Moonshine,2239,60,24988.0
Moontricks,25312,50,10000.0
More Or Les,596,12,1040.09
Morgan Barrie,10,0,2000.0
Mormor,88702,51,36441.56
Morrissa Nicole,41,0,2000.0
Moscow Apartment,3125,28,32256.29
Motherhood,340,4,7090.0
Mouraine,672,16,1495.46
Mr. Joy,182,14,2000.0
Ms. PANIK,0,0,1680.0
Ms.Holmes,0,0,3150.0
Murda Beatz,120895,67,28118.25
Murge,923,37,2000.0
Murray Kinsley & Wicked Grin,0,0,1725.0
Mustafa,35305,54,75000.0
My Father's Son,137,3,2000.0
My Oldest Friend,44,0,2000.0
Myer Clarity,790,16,3656.0
Myles Lloyd-Edmond,0,0,2000.0
Mønochef,51,0,2000.0
N0V3L,6395,35,9360.0
NAHJI,163,5,2000.0
NDAI,2,0,2000.0
NEWCITY,0,0,35495.0
NICOLAAS,1108,40,2000.0
NIGHT LOVELL,952327,75,5000.0
NOA,0,0,10000.0
NOBRO,5417,30,4000.0
NUTANA,0,0,2000.0
Nailbiter,175,1,5697.0
Nap Eyes,17186,35,43539.0
Nat Jay,1189,20,10000.0
Natali Rachel,116,1,2000.0
Natalie MacMaster,13347,34,20000.0
Natasha Brown (Empress Divine),0,0,2000.0
Nature Of,0,0,38094.5
Naya Liviah,456,9,2000.0
Neck Of The Woods,2488,8,2000.0
Necking,1182,9,30513.93
Neighborhood Libraries,581,33,1725.0
Neon Dreams,16103,48,33273.37
New Age Doom,67,0,3580.0
New Friends,2223,39,2000.0
New Fries,1390,11,3220.0
New Strangers,186,15,2000.0
New Wales,39,1,2000.0
New West,26989,53,10000.0
Nice Horse,2138,27,2000.0
Nick Earle,378,11,6676.62
Nick Faye & The Deputies,210,2,1706.41
Nick Ferrio,213,19,27396.0
Nick La Riviere,35,0,2000.0
Nick Schofield,260,11,1438.0
Nick Zubeck,90,1,2000.0
Nicole Ariana,117,0,2000.0
Nicole Chambers,849,14,2000.0
Nicole Glazunov,197,24,2000.0
Nicole Sumerlyn,157,2,2000.0
Nicolette & The Nobodies,108,1,1265.0
Nightcrawlers,35193,81,7374.0
Nikki Yanofsky,31442,41,60000.0
Nikki's Wives,2512,35,10000.0
Nilo Blues,1408,31,18703.81
Nimrawd,11,0,2000.0
NineTwntyFive,0,0,2000.0
Nixon Boyd,5,0,2000.0
No Frills,4588,27,2000.0
No Joy,23565,31,16773.95
No Tourists,460,14,2000.0
"No, It's Fine.",136,1,2000.0
Noah Derksen,638,13,4141.0
Noah Malcolm,456,26,2000.0
Noam,252,33,2000.0
Noise Unit,7669,24,27688.0
Nora Toutain,161,2,12000.0
Norma MacDonald,150,1,2000.0
Northcote,8444,32,26083.29
Northern Royals,129,2,2000.0
Nothing Man,357,6,2000.0
Nova Rose,1174,30,21114.0
Novusolis,117,0,2000.0
Nuela Charles,2472,28,11380.0
O'Deriic,471,23,2000.0
OKAN,0,0,4791.0
OXALA,18,3,2000.0
Obey The Brave,47167,37,30000.0
Ocie Elliot,0,0,35287.0
Odario,548,22,30520.0
Odonis Odonis,4950,24,1097.0
Ofra Harnoy,1262,22,49094.0
Oli Beaudoin,0,0,2000.0
Oliver Forest,290,3,1000.0
Olivia Wik,68,1,2000.0
One In The Chamber,23,0,2000.0
Operators,11635,28,53180.0
Operus,54,0,23529.0
Ora Cogan,1964,16,1150.0
Orchidae,34,0,2000.0
Ori Dagan,175,4,10000.0
Osé,0,0,2000.0
Otha,13701,40,17770.0
Our Founders,13,0,2000.0
Over The Moon,70,0,9775.0
Overwerk,122509,52,14375.0
Owen Barney,994,40,26429.97
Owen Meany's Batting Stance,228,4,13787.13
Oxlip,124,10,2000.0
PAYDAYRENE,0,0,2000.0
PETRAA,11,0,2208.0
PKEW PKEW PKEW (gunshots),0,0,17000.0
POESY,3230,24,10000.0
PONY,462,45,3725.0
PORT JUVEE,385,5,4140.0
PUP,192348,57,30000.0
PVRX,6015,36,1898.0
PYPY,0,0,2000.0
Paige Flora-Jean Kapinski,0,0,2000.0
Pale Lips,1485,12,2000.0
Pallmer,107,5,2000.0
Pancake,66742,37,1380.0
Pansy Boys,814,6,2000.0
Pantayo,1177,12,4962.91
Paper Beat Scissors,833,9,1380.0
Paper Machetes,0,0,2000.0
Paradise,0,0,35610.88
Parichay,1133,31,10000.0
Park Day,192,1,1265.0
Partner,7054,28,35491.0
Pascale Picard,4481,28,2070.0
Passport Radio,287,4,2000.0
Pat Chessell,73,2,2000.0
Pat LaBarbera and Kirk MacDonald,0,0,2468.0
Pat Robitaille,1093,17,2000.0
Patiently Awaiting The Meteorite,146,2,4430.0
Patricia O'Callaghan,474,13,10000.0
Patrick Holland,2680,43,2000.0
Patrick Murray,6,7,1380.0
Patrick Watson,311591,73,20414.0
Paul Bergman,103,2,2000.0
Paul Chin,887,19,2000.0
Paul Frehner,5,0,10000.0
Paul Weber,1339,30,2000.0
Peach Luffe,11208,33,2000.0
Pearls & Bones,37,1,2000.0
Pedro Casas,32,0,2000.0
Peeling,410,2,4427.5
Penny Diving,306,4,2000.0
Penny Shades,36,0,2000.0
Perfect Strangers,18,3,2000.0
Peter Jackson,4583,43,89000.0
Peter Jessy,776,39,2000.0
Peters and Pilgrim,0,0,2000.0
Petra Glynt,503,1,2000.0
Petric,6074,33,55031.83
Phantom Atlantic,728,20,2000.0
Phoenixx,6,10,2000.0
Phé,4253,46,1416.98
Pierre Kwenders,7882,35,2700.0
Pillea,71,6,2000.0
Piper & Carson,0,0,3106.0
Piper Cole,39,0,2000.0
Plaguebringer,1849,12,2000.0
Plants and Animals,24001,39,11335.84
Polky,35,1,2000.0
Pooks,36,32,2000.0
Poor Nameless Boy,1204,12,1898.0
Porteau,144,0,2657.0
Possum,1169,23,12477.0
Post Script,661,17,3870.0
Post-Modern Connection,1497,9,2000.0
Pottery,11771,32,18004.0
Praises,192,2,1035.0
Prancer,0,0,2000.0
Preoccupations,70037,41,32988.0
Pretty Archie,1614,23,40000.0
Primo Green,1377,22,17576.0
Propagandhi,140031,51,20330.0
Property,0,0,4600.0
Prospect Mundo,642,23,2000.0
Psyc Tha Prince,20,2,2000.0
Pudding,61,0,2000.0
Purity Ring,543555,59,46444.0
Pusher,19356,57,37817.49
Q-Benjamin,699,13,2000.0
Quaker Parents,130,1,1035.0
Quartetto Gelato,721,14,10000.0
Quatuor esca,13,12,10000.0
Queen Of Swords,17,0,2000.0
Quin Etheridge-Pedden,49,0,2000.0
Quinton Taylor,0,0,10000.0
Quirks,97,0,2000.0
Quota,35,20,2000.0
Quote the Raven,608,20,1553.0
R. Flex,0,0,1150.0
RAJ,0,0,21595.0
REBELLE,1128,10,10000.0
REZZ,325597,67,124408.60999999999
RISING RAIN,12,0,2000.0
ROMES,9047,47,2000.0
ROY,0,0,18999.98
RSY,0,0,2000.0
Rachel Vermeer,0,0,2000.0
Radiant Baby,415,8,1725.0
Radiant Divide,11,0,2000.0
Radio Free Universe,7629,5,10000.0
Rae Spoon,4996,22,11658.630000000001
Ragers,1045,20,28420.0
Raincity,0,0,2000.0
Raine Hamilton,605,9,41735.0
Ramon Chicharron,1112,29,2000.0
Ramriddlz,91872,47,12000.0
Randall Spear,59,2,55581.0
Random Recipe,7899,30,32500.0
Ranee Lee,513,10,31687.0
Rapport,241,1,27295.27
Rare Americans,116332,61,4153.32
RasMorgan,4,0,3977.0
Raveen,339,3,2000.0
Rawlins Cross,2212,23,15899.0
Raygun Cowboys,2322,26,41386.0
Real Sickies,639,24,27801.0
Rebecca Lappa,243,18,10000.0
Rebekah Hawker,180,8,2000.0
Red Mass,515,5,2530.0
RedFox,428,8,2000.0
Reeny Smith,418,12,1380.0
Regina Jazz Society Corp.,0,0,1995.0
Relic Kings,128,4,16422.0
Reno McCarthy,327,20,8948.44
Renée Lamoureux,86,3,7559.93
Renée Yoxon,191,1,2000.0
Reuben and the Dark,28093,47,39837.73
Rezonance,0,0,2000.0
Rhyan Douglas,0,0,2000.0
Rhye,533709,68,2777.0
Ria Mae,23270,44,39276.88
RicOz,0,0,20000.0
Rich Aucoin,5703,32,3706.0
Rich Cloke,355,1,10000.0
Rich Lindo,3110,0,3150.0
Richard Inman,764,15,10284.0
Riit,3597,27,8504.0
Rikashay,548,5,2000.0
Rime Salmi,0,16,1265.0
Rob Fairley,0,0,2000.0
Rob Moir,688,3,4486.0
Robert Ogilvie Grieve,0,0,2000.0
Robin Hatch,344,3,2000.0
Robotaki,41630,52,17250.0
Rochester,1160,20,1725.0
Roderick Porter,65117,58,20000.0
Rodrigo Simoes,62,0,2000.0
Rooster Davis Group,0,0,10000.0
Rosa Barocca,0,0,10000.0
Rosanne Baker Thornley,9,0,33158.0
Rose  Cora Perry,0,0,1725.0
Rose Cousins,17137,49,20000.0
Rosemary Lawton,156,18,12569.98
Roshin,560,33,2000.0
Royal Canoe,14594,37,14994.0
Royal Wood,12484,35,22500.0
Rozalind MacPhail,113,0,3036.0
Ruben Esguerra,0,0,2000.0
Ruben Young,3822,37,10000.0
Ruby Waters,14925,51,25532.17
Run Maggie Run,232,1,2000.0
Running Violet,86,1,2000.0
Russell Louder,1117,16,13123.35
Ryan L Oliver,0,0,9919.0
Ryan Langdon,1713,36,59190.72
Ryan McNally,50,0,3497.5
Ryan Shepherd,2107,49,25000.0
Ryland Moranz,0,0,31803.76
Rêves Sonores,68,5,2000.0
SATE,0,0,5250.0
SAUNA,198,18,11150.0
SCARLETT ROSE,25277,43,2000.0
SENAYA,43,2,45000.0
SHEA,0,0,1656.0
SLM,3,0,2000.0
SOCALLED,6225,29,3982.0
SUSSEX,85,0,2000.0
SUUNS,72993,43,30238.5
Saens,1116,23,1035.0
Sahara,2198,35,3112.56
Said the Whale,57958,44,20842.0
Saintfield,7,0,10000.0
Salin,0,0,2000.0
Salvatori,6,0,2000.0
Sam & The Terrible News,67,13,1941.0
Sam Coffey & The Iron Lungs,0,0,22000.0
Sam Louis,973,30,2000.0
Sam Lynch,2250,29,13346.64
Sam Roberts Band,89305,50,58914.0
Sam The Astronaut,1974,25,2000.0
Sam Weber,1460,17,29645.31
Saman Shahi,50,4,20581.96
Samantha Martin,0,5,62075.0
Samuel Kirmayer,0,0,13369.0
Samurai Champs,366,4,6215.0
Sandra Bouza,210,2,1897.0
Sandra Sutter,75,1,2000.0
Sara Diamond,14615,49,44420.0
Sara Silver,0,0,2000.0
Sara-Danielle,364,24,2000.0
Sarah Burton,0,0,2000.0
Sarah Jane Scouten,1004,8,1863.0
Sarah Jickling,0,0,2000.0
Sarah Jordan and Matt Von,56,1,2000.0
Sarah MacDougall,1806,18,28354.0
Sarah Pagé,508,10,6642.0
Sarah Rossy,36,7,2000.0
Sarina Haggarty,435,25,2000.0
Sasha Cay,253,4,2000.0
Sashae',84,0,2000.0
Saveria,888,15,10000.0
Saya,6986,45,32015.0
Sayana,107,15,2000.0
Scarlett Graham,57,0,2000.0
Scattered Clouds,229,1,1150.0
Scenic Route to Alaska,8117,30,71198.25
Scope G,33,1,2000.0
Scott Hardware,2,0,13495.630000000001
Scott Orr,5331,35,2000.0
Scotty Hills,164,3,2000.0
Scrap Arts Music,31,0,10000.0
Sean Davidson,167,5,2000.0
Sean Irvine,0,0,2000.0
Sean Jones,5432,25,10000.0
Sean Nicholas Savage,29242,39,6777.32
Sean Pinchin,430,7,1380.0
Seanster and the Monsters,37,2,2149.0
Seaway,68244,52,67309.65
Secondhand Habit,135,2,2000.0
Selina Martin,240,3,2000.0
Sensei Musica,9826,20,2000.0
Serena Ryder,69601,48,40000.0
Serlin Greaves,263,19,10000.0
Sha Hustle,162,12,3250.0
"Shabason, Krgovich & Harris",1330,20,13627.38
Shagabond,4607,32,10000.0
Shah,0,0,4505.0
Shakura S'Aida,3225,22,10000.0
Shamik,421,12,2000.0
Shane Cook,18,5,10000.0
Shannon Patrice Gunn,0,0,8625.0
Shantaia,306,24,1380.0
Shantel Marquardt,0,0,6244.5
Sharon Dobson,0,0,2000.0
Shaun Frank,49352,57,62825.0
"Shawanda, Crystal",0,0,25000.0
Shawn Hall,3,0,45436.71
Shawn Hook,59882,51,109168.0
Shawn Kerr,320,7,2000.0
Shawna Cain,631,20,2000.0
Sheldon Hunt,48,1,2000.0
Sheng Cai,26,1,10000.0
Sherman Downey,5,0,6156.09
Shope,6409,33,55000.0
Shred Kelly,5182,30,80512.0
Shuffalo,386,7,2000.0
Siadic,60,0,2000.0
Sick Things,155,1,2432.45
Side Hustle,13536,28,10000.0
Significant Other,62,0,2000.0
Silence Kit,110,1,5000.0
Silverstein,538171,64,153985.0
Silvia Temis,3,0,2000.0
Simon and the Island,83,0,4500.0
Single Mothers,19381,34,30000.0
Sirens,0,0,17156.58
Sirreal Music,0,0,20000.0
Skatton Club,13,0,3610.0
Skevious Tips,179,10,1656.0
Slash Need,20,0,2000.0
Sleepless Nights,167,2,1725.0
Sleepy Kicks,172,12,2000.0
Slow Down Molasses,0,0,2277.0
Slow Leaves,2126,28,7487.0
Slow Spirit,354,4,3719.0
Small Sins,862,19,41211.0
Smokehouse,1271,26,43020.72
Snails,123601,51,120575.0
Snak The Ripper,93909,56,27272.010000000002
Snotty Nose Rez Kids,24241,45,35211.5
Sofia Kay,881,30,2000.0
Soft Plastics,256,2,13913.6
Somerset,112,4,2000.0
SonReal,123373,58,19738.43
Sook-Yin Lee,224,8,34252.0
Sophia Bel,4862,48,1380.0
Sophie Lukacs,0,0,2000.0
Sophie Noel,52,0,2000.0
Soran,34430,49,2460.0
Sorrey,958,18,30073.81
Sorry Girls,2566,23,70996.18
Soul Secret Agency,361,7,2000.0
Souls Rest,66,3,2000.0
Spaceport Union,25,0,2000.0
Spectres,5178,19,27179.0
Speed Control,636,2,4925.0
Spencer Krug,1186,33,10000.0
Spirit of the Wildfire,227,2,1380.0
Spiritbox,153800,62,38496.0
Splash'N Boots,0,0,41055.0
Sportsfan,288,4,11898.0
St.Arnaud,4850,34,4175.0
Staasia Daniels,1164,8,5552.5
Stacey Kay,414,10,1725.0
Stars,172695,51,58116.5
Steele,0,0,55315.0
Stefan Babcock,0,0,2000.0
Stefana Fratila,82,0,12000.0
Stefanie Parnell,193,3,2000.0
Stephen Fearing,1735,15,30804.0
Stephen Hamm,126,1,2000.0
Sterling Grove,2624,40,37510.0
Steve Dawson,443,50,45916.0
Steve Maddock,12,2,12248.0
Steve Strongman,718,11,1380.0
Steven Bowers,149,10,1150.0
Steven Page,5037,24,51450.0
Stickybuds,13977,40,10000.0
Still Seasons,62,1,2000.0
Story Untold,36925,46,2000.0
Strange Tides,208,7,2000.0
Striker,13988,29,30000.0
Stuck Out Here,757,11,2000.0
Stuey Kubrick,164,5,34331.57
Success Pistols,0,0,2000.0
Sule,1762,24,1150.0
Sultans of String,1068,9,67928.0
Sumo Cyco,26597,43,23005.63
Sundae Girl,144,1,2000.0
Sunday Morning,1161,14,2000.0
Sunglaciers,193,2,2000.0
Sunnyside Uppers,13,0,2000.0
Susan Aglukark,2353,24,10000.0
Suzie Ungerleider,2752,17,2000.0
Suzie Vinnick,726,11,2817.0
Swamp Thing,561,12,46155.08
Sweet Alibi,940,11,25000.0
Sweet Roger,109,0,2000.0
Sweet SantaFe,34,0,2000.0
Switch,16556,49,2000.0
Syd Warwick,52,0,2000.0
Sydney Blu,2505,31,19590.39
Sydney Riley,62,2,2000.0
Syngja,68,0,1035.0
Sébastien Plante,22,3,46956.0
T. Buckley,279,8,14312.0
T. Thomason,1701,19,6817.0
TALK,0,0,2000.0
TARiiiQ,799,21,2000.0
TAYLR,102,9,2000.0
TEEN,0,0,17417.690000000002
TEKE::TEKE,4429,29,4430.0
TEROUZ,128,1,2000.0
THEHONESTGUY,1411,30,2000.0
TOPS,97712,53,89675.0
TR/ST,94630,51,16903.0
TRP.P,294,3,1863.0
TV SETS,142,2,2000.0
TWRP,104609,55,21918.75
Taigenz,2964,10,3380.0
Takeyce,781,17,4208.0
Tallies,2217,11,25399.25
Talltale,410,12,2000.0
Tamara Maddalen,199,0,2000.0
Tambour,4193,28,40000.0
Tami Neilson,13855,39,31566.0
Tamir,6,34,2000.0
Tania Joy,2716,23,2000.0
Tanika Charles,4640,32,15000.0
Tanner James,212,23,2000.0
Tapestry Opera,0,0,10000.0
Tara MacLean,4741,23,2000.0
Taylor Knox,986,16,2000.0
Tea G,0,0,2940.0
Tebey,13936,50,93014.39000000001
Tee Cloud,91,4,2000.0
Tee Krispil,369,5,2000.0
Teen Daze,43391,49,40000.0
Teenanger,1556,11,13007.21
Tei Shi,138665,56,3968.0
Tell Adeline,15,1,2000.0
Tenise Marie,113,11,2000.0
Terence Jack,638,3,1380.0
Terra Lightfoot,6183,30,47749.0
Terri Hron,4,0,2000.0
Tess Roby,3903,13,2000.0
Tessa,0,0,2000.0
Thanya Iyer,1863,14,3163.0
The Abrams,3614,19,30000.0
The Actual Goners,89,0,2000.0
The Agonist,141495,44,30000.0
The Ashley Hundred,686,6,2000.0
The Backstays,188,5,2000.0
The Barrelmen,53,1,2000.0
The Battle of Santiago,0,0,12691.5
The Besnard Lakes,14532,29,60079.0
The Black Mountain Whiskey Rebellion,0,0,6008.54
The Blue Stones,109587,59,57500.0
The Bombadils,511,4,10000.0
The Brandy Alexanders,0,0,39913.81
The Broken Islands,288,2,2000.0
The Brooks,4343,30,1725.0
The Bros. Landreth,19968,39,51020.0
The City Gates,424,14,2000.0
The Coal Mine Canaries,41,0,1060.69
The Cole Patenaude Band,81,1,2000.0
The Color,6073,35,15000.0
The Commoners,0,0,10000.0
The Creepshow,51389,41,34006.31
The Deep Dark Woods,22705,43,7026.5
The Dirty Nil,29240,45,96987.0
The Dreadnoughts,77840,55,20778.0
The Drifts,378,13,2000.0
The East Pointers,18979,44,98025.0
The Effens,676,17,4636.0
The Elwins,10523,29,11880.09
The Ennis Sisters,1741,20,1380.0
The Faps,152,4,1863.0
The Forks,25,0,2000.0
The Free Label,1367,24,2000.0
The Freefallers,0,0,2000.0
The Fugitives,27,28,42867.0
The Funk Hunters,33439,47,40000.0
The Garrys,1027,15,2070.0
The Glorious Sons,145326,60,60000.0
The Halluci Nation,147615,52,49745.0
The Heels,584,22,60000.0
The High Dials,1007,8,1495.0
The Holy Gasp,248,1,10000.0
The Honest Heart Collective,2752,31,3295.0
The Honeyrunners,254,2,1725.0
The Hope State,70,0,15654.0
The Johnnys,122,2,2752.0
The Kerplunks,168,24,1265.0
The Kodiak,1738,22,2000.0
The Kwerks,5,0,2000.0
The Last Vanguard,0,0,21400.0
The Leanover,470,4,2000.0
The Librarian,1996,18,10000.0
The Long War,397,4,26228.78
The Luvmenauts,92,8,24150.0
The Mahones,29517,37,8943.27
The Mariachi Ghost,803,6,22758.81
The Mystics,7673,29,2000.0
The Neighbourhood Watch,8583,40,2000.0
The New Customs,123,1,2587.0
The New Groovement,384,4,2000.0
The Noisy Crows,94,0,2000.0
The Nolas,88,0,2000.0
The Northern Coast,1,0,1756.68
The Northern Pikes,27053,40,25000.0
The Northstars,158,7,7499.0
The OBGMs,8021,30,34393.75
The Once,9041,32,27795.0
The Oops Kitchen,0,0,2000.0
The Oot n' Oots,116,4,2000.0
The Pack a.d.,32670,42,34100.0
The Pairs,534,5,3898.0
The Plastic Waste Band,35,0,2000.0
The Real McKenzies,111707,54,45350.0
The Real Wet Bandits,0,0,2000.0
The Riot Police,265,4,2000.0
The Rising Few,67,0,1150.0
The Royal Foundry,3917,29,127518.0
The Rural Alberta Advantage,61476,47,2000.0
The Sadies,15546,39,27910.0
The Sheepdogs,100804,52,35000.0
The Small Glories,2308,22,1553.0
The Souljazz Orchestra,68537,48,36442.26
The Stanfields,8228,40,15843.82
The Sun Harmonic,1066,11,2000.0
The Topaz Duo,0,0,10000.0
The Tourist Company,2978,14,16912.69
The Unfound,55,0,2000.0
The Veer Union,83615,54,75465.0
The Velvet SuperSloths,47,2,2000.0
The Waverlys,43,0,2000.0
The Weather Station,41960,53,23400.0
The Wild!,1189,50,55409.0
The Young Novelists,666,5,1035.0
ThenWhen,528,14,2000.0
Thomas H,0,0,17063.13
Thomas Stajcer,98,1,1041.0
Thomas Thomas,0,0,2000.0
Those Who Walk Away,253,0,10000.0
Thunderor,0,0,27683.0
Tiger Balme,79,0,2000.0
Tilsen,985,37,21890.0
Tim Baker,9747,36,17404.0
Tim Isberg,44,1,1380.0
Timber Timbre,169885,51,17480.0
Timbuktu and Ollie Teeba,0,0,17741.14
Titus Calderbank,0,0,12544.0
Tokyo Police Club,177580,50,22234.0
Tom Hanley,0,0,2000.0
Tome,2037,34,1500.0
Tommy Kruise,2373,27,2000.0
Tommy Lefroy,1718,35,2000.0
Tongue Helmet,144,1,12294.52
Tonia Cianciulli,10,0,5670.9
Tony Price,312,2,2000.0
Tori Hathaway,84,0,2000.0
Toronto Tabla Ensemble,210,2,10000.0
Tough Age,1248,10,19462.0
Townies,315,3,2875.0
Tragedy Ann,288,3,12000.0
Trash Hawks,147,4,5773.4
Tribe Royal,548,0,6639.0
Trip J,0,0,2000.0
Triples,215,2,2000.0
Troy Alistair,16,0,2000.0
Troy Fernandes,37,1,2000.0
Troy Junker,262,17,2000.0
Tru Wilki,47,1,2000.0
Tugstar,0,0,20000.0
Tunic,1658,18,32632.0
Tush,19444,35,13724.25
Twin Flames,2130,23,10000.0
Twin Kennedy,196,14,2588.0
Twin Rains,276,11,2000.0
Txnic,95,5,2000.0
Tyler Budd,171,20,2000.0
Tyler Del Pino,711,19,3380.0
Tyler Joe Miller,1696,44,26417.45
Tyler Lorette,5628,32,2000.0
Tyler Shaw,44842,58,16400.0
U.S. Girls,69924,45,30000.0
Uncle Greg,0,0,2000.0
Union Duke,1536,17,2640.0
Untradition,833,12,2000.0
Uubbuurruu,925,7,2000.0
VBRTR,159,2,1495.0
VIC CITY SOLDIERS,0,0,20000.0
VINYL HERO,157,2,2000.0
VISSIA,618,16,50000.0
Valeda,5,0,2000.0
Van Ber,0,0,2000.0
Vancouver Inter-Cultural Orchestra,16,0,34849.66
Varfalvy,69,1,2000.0
Ventus Machina,31,2,39814.0
Venus Vendetta,1,0,2000.0
Veranda,40,0,1138.0
Vercenzo,20,0,2000.0
Vi,0,0,2000.0
Via Barcelonia,391,22,44305.63
Vic NS,102,0,1428.3
Victor Herbiet,8,0,3300.56
Vikki Gilmore,547,38,2000.0
Villages,70,1,1265.0
Vinyl Sons,0,0,2000.0
Violent Ground,152,8,2243.0
Virginia to Vegas,42335,61,57376.88
Vital Spirit,9,3,2000.0
W4SH,2474,21,2000.0
WHOOP-Szo,745,6,5335.0
WOLF SAGA,3457,36,1553.0
Wake Island,685,15,3360.0
Walk Off The Earth,520921,64,27600.0
Wallgrin,271,2,2000.0
Walrus,1546,8,16791.03
Wangled Teb,50,0,1955.43
Wares,1224,8,15893.52
Warming,188,1,3861.87
Wasiu,6295,57,1035.0
We Are Monroe,919,11,4000.0
We Are the City,8607,24,16895.0
Weak Size Fish,340,8,2000.0
Wes Allen,115,24,2000.0
Wes Carroll,8,0,2000.0
Wes Mack,6192,28,22500.0
Wesley Attew,1614,17,2000.0
West My Friend,421,5,2875.0
What If Elephants,656,28,47956.56
Whiplash Girlchild,329,8,2000.0
White Cowbell Oklahoma,788,8,2000.0
Whitehorse,25129,40,6390.0
Whitney Rose,9420,32,81943.0
Wild Black,0,0,2000.0
Wild Dove,72,7,2000.0
Wildfire,1978,25,2000.0
Will Arthur,0,0,2000.0
William Chernoff,59,6,2000.0
William Prince,20969,47,20000.0
Windmills,5216,28,2000.0
Wine Lips,670,14,2000.0
Wintersleep,49636,43,21095.0
Wish Lash,39,1,2000.0
Wolf Parade,135939,47,47040.25
Wolfgang Peterson,0,0,19074.0
Wolfville,0,0,2000.0
Wondagurl,3209,33,10000.0
Woodhawk,2463,13,2000.0
Woodpigeon,3786,17,2000.0
Wyatt C. Louis,554,16,25000.0
X62,173,16,2000.0
Xander Simmons,1,0,2000.0
Xero FG,10,0,2000.0
Xiren,185,8,2000.0
YSSY,1575,19,2000.0
Yael Wand,79,6,2000.0
Yamantaka//Sonic Titan,0,0,31495.0
Year of Glad,79,0,1150.0
Yes We Mystic,2072,12,2640.0
Yester Daze,150,14,2000.0
Yoo Doo Right,747,23,3102.0
Young Cake,198,8,2000.0
Your Paris,474,9,2000.0
Yukon Blonde,26734,38,57250.0
Yung Tory,180067,53,18975.0
Yves Jarvis,7564,35,17965.0
Z.A,1,0,2000.0
ZAUM,70,1,20000.0
ZDBT,325,22,20156.82
ZENESOUL,1634,35,2000.0
Zach Kleisinger,549,16,10000.0
Zach Oliver,1702,41,53902.0
Zach Skarzynski,0,0,2000.0
Zachary Simon,479,15,2000.0
Zaid Bustami,0,0,2000.0
Zaki Ibrahim,3596,24,1552.0
Zeds Dead,494047,67,112865.5
Zinnia,737,28,1380.0
Zoe Sky Jordan,804,15,10000.0
Zoon,1249,22,15304.86
aquakultre,1110,15,2000.0
baby o,0,0,2000.0
basha,0,0,25000.0
beauts,398,14,15919.92
bulow,356045,65,22925.0
byjayr,88,1,18083.75
cEvin Key,9236,23,36859.64
cleopatrick,132739,61,23850.03
collectif9,141,1,10000.0
daysormay,8750,40,20696.16
dear criminals,5617,26,19800.0
frontperson,392,5,27000.0
gay hollywood,0,0,2000.0
horace martin,1888,18,3416.0
housepanther,188,14,1150.0
iLLvibe,1182,18,4898.99
iSpy,6716,5,2000.0
iaamSaam,68,5,10000.0
iamtheliving,532,14,47560.0
im'peretiv,0,0,2000.0
iskwé,4596,24,80370.52
it's matt,240,8,2000.0
jamani duo,22,1,2000.0
janïsa,58,0,2000.0
jon mckiel,2835,28,4790.22
junctQín keyboard collective,0,0,6195.26
lal,0,0,1035.0
lastli,181,6,2000.0
margo,2813,37,2000.0
maxhole,85,0,2000.0
maxime.,16649,46,20000.0
mona on the radio,212,3,2000.0
neb,1595,38,2000.0
new village,6,2,2000.0
parting,388,19,2000.0
rayne,16,50,10000.0
shn shn,0,0,2000.0
the noodle boys,190,5,2000.0
tunnel - J Reimer & M Tiesenhausen,0,0,2000.0
viñu-vinu,5,0,2000.0
waants,138,13,7243.0
woolworm,1404,15,17886.16
¡Sacabuche!,15,4,6900.0
